Chunk,Start_PST,End_PST,Start_Epoch,End_Epoch
1,2021-12-31 16:00:00,2022-01-05 16:00:00,1640995200,1641427200
2,2022-01-05 16:00:00,2022-01-10 16:00:00,1641427200,1641859200
3,2022-01-10 16:00:00,2022-01-15 16:00:00,1641859200,1642291200
4,2022-01-15 16:00:00,2022-01-20 16:00:00,1642291200,1642723200
5,2022-01-20 16:00:00,2022-01-25 16:00:00,1642723200,1643155200
6,2022-01-25 16:00:00,2022-01-30 16:00:00,1643155200,1643587200
7,2022-01-30 16:00:00,2022-02-04 16:00:00,1643587200,1644019200
8,2022-02-04 16:00:00,2022-02-09 16:00:00,1644019200,1644451200
9,2022-02-09 16:00:00,2022-02-14 16:00:00,1644451200,1644883200
10,2022-02-14 16:00:00,2022-02-19 16:00:00,1644883200,1645315200
11,2022-02-19 16:00:00,2022-02-24 16:00:00,1645315200,1645747200
12,2022-02-24 16:00:00,2022-03-01 16:00:00,1645747200,1646179200
13,2022-03-01 16:00:00,2022-03-06 16:00:00,1646179200,1646611200
14,2022-03-06 16:00:00,2022-03-11 16:00:00,1646611200,1647043200
15,2022-03-11 16:00:00,2022-03-16 17:00:00,1647043200,1647475200
16,2022-03-16 17:00:00,2022-03-21 17:00:00,1647475200,1647907200
17,2022-03-21 17:00:00,2022-03-26 17:00:00,1647907200,1648339200
18,2022-03-26 17:00:00,2022-03-31 17:00:00,1648339200,1648771200
19,2022-03-31 17:00:00,2022-04-05 17:00:00,1648771200,1649203200
20,2022-04-05 17:00:00,2022-04-10 17:00:00,1649203200,1649635200
21,2022-04-10 17:00:00,2022-04-15 17:00:00,1649635200,1650067200
22,2022-04-15 17:00:00,2022-04-20 17:00:00,1650067200,1650499200
23,2022-04-20 17:00:00,2022-04-25 17:00:00,1650499200,1650931200
24,2022-04-25 17:00:00,2022-04-30 17:00:00,1650931200,1651363200
25,2022-04-30 17:00:00,2022-05-05 17:00:00,1651363200,1651795200
26,2022-05-05 17:00:00,2022-05-10 17:00:00,1651795200,1652227200
27,2022-05-10 17:00:00,2022-05-15 17:00:00,1652227200,1652659200
28,2022-05-15 17:00:00,2022-05-20 17:00:00,1652659200,1653091200
29,2022-05-20 17:00:00,2022-05-25 17:00:00,1653091200,1653523200
30,2022-05-25 17:00:00,2022-05-30 17:00:00,1653523200,1653955200
31,2022-05-30 17:00:00,2022-06-04 17:00:00,1653955200,1654387200
32,2022-06-04 17:00:00,2022-06-09 17:00:00,1654387200,1654819200
33,2022-06-09 17:00:00,2022-06-14 17:00:00,1654819200,1655251200
34,2022-06-14 17:00:00,2022-06-19 17:00:00,1655251200,1655683200
35,2022-06-19 17:00:00,2022-06-24 17:00:00,1655683200,1656115200
36,2022-06-24 17:00:00,2022-06-29 17:00:00,1656115200,1656547200
37,2022-06-29 17:00:00,2022-07-04 17:00:00,1656547200,1656979200
38,2022-07-04 17:00:00,2022-07-09 17:00:00,1656979200,1657411200
39,2022-07-09 17:00:00,2022-07-14 17:00:00,1657411200,1657843200
40,2022-07-14 17:00:00,2022-07-19 17:00:00,1657843200,1658275200
41,2022-07-19 17:00:00,2022-07-24 17:00:00,1658275200,1658707200
42,2022-07-24 17:00:00,2022-07-29 17:00:00,1658707200,1659139200
43,2022-07-29 17:00:00,2022-08-03 17:00:00,1659139200,1659571200
44,2022-08-03 17:00:00,2022-08-08 17:00:00,1659571200,1660003200
45,2022-08-08 17:00:00,2022-08-13 17:00:00,1660003200,1660435200
46,2022-08-13 17:00:00,2022-08-18 17:00:00,1660435200,1660867200
47,2022-08-18 17:00:00,2022-08-23 17:00:00,1660867200,1661299200
48,2022-08-23 17:00:00,2022-08-28 17:00:00,1661299200,1661731200
49,2022-08-28 17:00:00,2022-09-02 17:00:00,1661731200,1662163200
50,2022-09-02 17:00:00,2022-09-07 17:00:00,1662163200,1662595200
51,2022-09-07 17:00:00,2022-09-12 17:00:00,1662595200,1663027200
52,2022-09-12 17:00:00,2022-09-17 17:00:00,1663027200,1663459200
53,2022-09-17 17:00:00,2022-09-22 17:00:00,1663459200,1663891200
54,2022-09-22 17:00:00,2022-09-27 17:00:00,1663891200,1664323200
55,2022-09-27 17:00:00,2022-10-02 17:00:00,1664323200,1664755200
56,2022-10-02 17:00:00,2022-10-07 17:00:00,1664755200,1665187200
57,2022-10-07 17:00:00,2022-10-12 17:00:00,1665187200,1665619200
58,2022-10-12 17:00:00,2022-10-17 17:00:00,1665619200,1666051200
59,2022-10-17 17:00:00,2022-10-22 17:00:00,1666051200,1666483200
60,2022-10-22 17:00:00,2022-10-27 17:00:00,1666483200,1666915200
61,2022-10-27 17:00:00,2022-11-01 17:00:00,1666915200,1667347200
62,2022-11-01 17:00:00,2022-11-06 16:00:00,1667347200,1667779200
63,2022-11-06 16:00:00,2022-11-11 16:00:00,1667779200,1668211200
64,2022-11-11 16:00:00,2022-11-16 16:00:00,1668211200,1668643200
65,2022-11-16 16:00:00,2022-11-21 16:00:00,1668643200,1669075200
66,2022-11-21 16:00:00,2022-11-26 16:00:00,1669075200,1669507200
67,2022-11-26 16:00:00,2022-12-01 16:00:00,1669507200,1669939200
68,2022-12-01 16:00:00,2022-12-06 16:00:00,1669939200,1670371200
69,2022-12-06 16:00:00,2022-12-11 16:00:00,1670371200,1670803200
70,2022-12-11 16:00:00,2022-12-16 16:00:00,1670803200,1671235200
71,2022-12-16 16:00:00,2022-12-21 16:00:00,1671235200,1671667200
72,2022-12-21 16:00:00,2022-12-26 16:00:00,1671667200,1672099200
73,2022-12-26 16:00:00,2022-12-31 16:00:00,1672099200,1672531200
74,2022-12-31 16:00:00,2023-01-05 16:00:00,1672531200,1672963200
75,2023-01-05 16:00:00,2023-01-10 16:00:00,1672963200,1673395200
76,2023-01-10 16:00:00,2023-01-15 16:00:00,1673395200,1673827200
77,2023-01-15 16:00:00,2023-01-20 16:00:00,1673827200,1674259200
78,2023-01-20 16:00:00,2023-01-25 16:00:00,1674259200,1674691200
79,2023-01-25 16:00:00,2023-01-30 16:00:00,1674691200,1675123200
80,2023-01-30 16:00:00,2023-02-04 16:00:00,1675123200,1675555200
81,2023-02-04 16:00:00,2023-02-09 16:00:00,1675555200,1675987200
82,2023-02-09 16:00:00,2023-02-14 16:00:00,1675987200,1676419200
83,2023-02-14 16:00:00,2023-02-19 16:00:00,1676419200,1676851200
84,2023-02-19 16:00:00,2023-02-24 16:00:00,1676851200,1677283200
85,2023-02-24 16:00:00,2023-03-01 16:00:00,1677283200,1677715200
86,2023-03-01 16:00:00,2023-03-06 16:00:00,1677715200,1678147200
87,2023-03-06 16:00:00,2023-03-11 16:00:00,1678147200,1678579200
88,2023-03-11 16:00:00,2023-03-16 17:00:00,1678579200,1679011200
89,2023-03-16 17:00:00,2023-03-21 17:00:00,1679011200,1679443200
90,2023-03-21 17:00:00,2023-03-26 17:00:00,1679443200,1679875200
91,2023-03-26 17:00:00,2023-03-31 17:00:00,1679875200,1680307200
92,2023-03-31 17:00:00,2023-04-05 17:00:00,1680307200,1680739200
93,2023-04-05 17:00:00,2023-04-10 17:00:00,1680739200,1681171200
94,2023-04-10 17:00:00,2023-04-15 17:00:00,1681171200,1681603200
95,2023-04-15 17:00:00,2023-04-20 17:00:00,1681603200,1682035200
96,2023-04-20 17:00:00,2023-04-25 17:00:00,1682035200,1682467200
97,2023-04-25 17:00:00,2023-04-30 17:00:00,1682467200,1682899200
98,2023-04-30 17:00:00,2023-05-05 17:00:00,1682899200,1683331200
99,2023-05-05 17:00:00,2023-05-10 17:00:00,1683331200,1683763200
100,2023-05-10 17:00:00,2023-05-15 17:00:00,1683763200,1684195200
101,2023-05-15 17:00:00,2023-05-20 17:00:00,1684195200,1684627200
102,2023-05-20 17:00:00,2023-05-25 17:00:00,1684627200,1685059200
103,2023-05-25 17:00:00,2023-05-30 17:00:00,1685059200,1685491200
104,2023-05-30 17:00:00,2023-06-04 17:00:00,1685491200,1685923200
105,2023-06-04 17:00:00,2023-06-09 17:00:00,1685923200,1686355200
106,2023-06-09 17:00:00,2023-06-14 17:00:00,1686355200,1686787200
107,2023-06-14 17:00:00,2023-06-19 17:00:00,1686787200,1687219200
108,2023-06-19 17:00:00,2023-06-24 17:00:00,1687219200,1687651200
109,2023-06-24 17:00:00,2023-06-29 17:00:00,1687651200,1688083200
110,2023-06-29 17:00:00,2023-07-04 17:00:00,1688083200,1688515200
111,2023-07-04 17:00:00,2023-07-09 17:00:00,1688515200,1688947200
112,2023-07-09 17:00:00,2023-07-14 17:00:00,1688947200,1689379200
113,2023-07-14 17:00:00,2023-07-19 17:00:00,1689379200,1689811200
114,2023-07-19 17:00:00,2023-07-24 17:00:00,1689811200,1690243200
115,2023-07-24 17:00:00,2023-07-29 17:00:00,1690243200,1690675200
116,2023-07-29 17:00:00,2023-08-03 17:00:00,1690675200,1691107200
117,2023-08-03 17:00:00,2023-08-08 17:00:00,1691107200,1691539200
118,2023-08-08 17:00:00,2023-08-13 17:00:00,1691539200,1691971200
119,2023-08-13 17:00:00,2023-08-18 17:00:00,1691971200,1692403200
120,2023-08-18 17:00:00,2023-08-23 17:00:00,1692403200,1692835200
121,2023-08-23 17:00:00,2023-08-28 17:00:00,1692835200,1693267200
122,2023-08-28 17:00:00,2023-09-02 17:00:00,1693267200,1693699200
123,2023-09-02 17:00:00,2023-09-07 17:00:00,1693699200,1694131200
124,2023-09-07 17:00:00,2023-09-12 17:00:00,1694131200,1694563200
125,2023-09-12 17:00:00,2023-09-17 17:00:00,1694563200,1694995200
126,2023-09-17 17:00:00,2023-09-22 17:00:00,1694995200,1695427200
127,2023-09-22 17:00:00,2023-09-27 17:00:00,1695427200,1695859200
128,2023-09-27 17:00:00,2023-10-02 17:00:00,1695859200,1696291200
129,2023-10-02 17:00:00,2023-10-07 17:00:00,1696291200,1696723200
130,2023-10-07 17:00:00,2023-10-12 17:00:00,1696723200,1697155200
131,2023-10-12 17:00:00,2023-10-17 17:00:00,1697155200,1697587200
132,2023-10-17 17:00:00,2023-10-22 17:00:00,1697587200,1698019200
133,2023-10-22 17:00:00,2023-10-27 17:00:00,1698019200,1698451200
134,2023-10-27 17:00:00,2023-11-01 17:00:00,1698451200,1698883200
135,2023-11-01 17:00:00,2023-11-06 16:00:00,1698883200,1699315200
136,2023-11-06 16:00:00,2023-11-11 16:00:00,1699315200,1699747200
137,2023-11-11 16:00:00,2023-11-16 16:00:00,1699747200,1700179200
138,2023-11-16 16:00:00,2023-11-21 16:00:00,1700179200,1700611200
139,2023-11-21 16:00:00,2023-11-26 16:00:00,1700611200,1701043200
140,2023-11-26 16:00:00,2023-12-01 16:00:00,1701043200,1701475200
141,2023-12-01 16:00:00,2023-12-06 16:00:00,1701475200,1701907200
142,2023-12-06 16:00:00,2023-12-11 16:00:00,1701907200,1702339200
143,2023-12-11 16:00:00,2023-12-16 16:00:00,1702339200,1702771200
144,2023-12-16 16:00:00,2023-12-21 16:00:00,1702771200,1703203200
145,2023-12-21 16:00:00,2023-12-26 16:00:00,1703203200,1703635200
146,2023-12-26 16:00:00,2023-12-31 16:00:00,1703635200,1704067200
147,2023-12-31 16:00:00,2024-01-05 16:00:00,1704067200,1704499200
148,2024-01-05 16:00:00,2024-01-10 16:00:00,1704499200,1704931200
149,2024-01-10 16:00:00,2024-01-15 16:00:00,1704931200,1705363200
150,2024-01-15 16:00:00,2024-01-20 16:00:00,1705363200,1705795200
151,2024-01-20 16:00:00,2024-01-25 16:00:00,1705795200,1706227200
152,2024-01-25 16:00:00,2024-01-30 16:00:00,1706227200,1706659200
153,2024-01-30 16:00:00,2024-02-04 16:00:00,1706659200,1707091200
154,2024-02-04 16:00:00,2024-02-09 16:00:00,1707091200,1707523200
155,2024-02-09 16:00:00,2024-02-14 16:00:00,1707523200,1707955200
156,2024-02-14 16:00:00,2024-02-19 16:00:00,1707955200,1708387200
157,2024-02-19 16:00:00,2024-02-24 16:00:00,1708387200,1708819200
158,2024-02-24 16:00:00,2024-02-29 16:00:00,1708819200,1709251200
159,2024-02-29 16:00:00,2024-03-05 16:00:00,1709251200,1709683200
160,2024-03-05 16:00:00,2024-03-10 17:00:00,1709683200,1710115200
161,2024-03-10 17:00:00,2024-03-15 17:00:00,1710115200,1710547200
162,2024-03-15 17:00:00,2024-03-20 17:00:00,1710547200,1710979200
163,2024-03-20 17:00:00,2024-03-25 17:00:00,1710979200,1711411200
164,2024-03-25 17:00:00,2024-03-30 17:00:00,1711411200,1711843200
165,2024-03-30 17:00:00,2024-04-04 17:00:00,1711843200,1712275200
166,2024-04-04 17:00:00,2024-04-09 17:00:00,1712275200,1712707200
167,2024-04-09 17:00:00,2024-04-14 17:00:00,1712707200,1713139200
168,2024-04-14 17:00:00,2024-04-19 17:00:00,1713139200,1713571200
169,2024-04-19 17:00:00,2024-04-24 17:00:00,1713571200,1714003200
170,2024-04-24 17:00:00,2024-04-29 17:00:00,1714003200,1714435200
171,2024-04-29 17:00:00,2024-05-04 17:00:00,1714435200,1714867200
172,2024-05-04 17:00:00,2024-05-09 17:00:00,1714867200,1715299200
173,2024-05-09 17:00:00,2024-05-14 17:00:00,1715299200,1715731200
174,2024-05-14 17:00:00,2024-05-19 17:00:00,1715731200,1716163200
175,2024-05-19 17:00:00,2024-05-24 17:00:00,1716163200,1716595200
176,2024-05-24 17:00:00,2024-05-29 17:00:00,1716595200,1717027200
177,2024-05-29 17:00:00,2024-06-03 17:00:00,1717027200,1717459200
178,2024-06-03 17:00:00,2024-06-08 17:00:00,1717459200,1717891200
179,2024-06-08 17:00:00,2024-06-13 17:00:00,1717891200,1718323200
180,2024-06-13 17:00:00,2024-06-18 17:00:00,1718323200,1718755200
181,2024-06-18 17:00:00,2024-06-23 17:00:00,1718755200,1719187200
182,2024-06-23 17:00:00,2024-06-28 17:00:00,1719187200,1719619200
183,2024-06-28 17:00:00,2024-07-03 17:00:00,1719619200,1720051200
184,2024-07-03 17:00:00,2024-07-08 17:00:00,1720051200,1720483200
185,2024-07-08 17:00:00,2024-07-13 17:00:00,1720483200,1720915200
186,2024-07-13 17:00:00,2024-07-18 17:00:00,1720915200,1721347200
187,2024-07-18 17:00:00,2024-07-23 17:00:00,1721347200,1721779200
188,2024-07-23 17:00:00,2024-07-28 17:00:00,1721779200,1722211200
189,2024-07-28 17:00:00,2024-08-02 17:00:00,1722211200,1722643200
190,2024-08-02 17:00:00,2024-08-07 17:00:00,1722643200,1723075200
191,2024-08-07 17:00:00,2024-08-12 17:00:00,1723075200,1723507200
192,2024-08-12 17:00:00,2024-08-17 17:00:00,1723507200,1723939200
193,2024-08-17 17:00:00,2024-08-22 17:00:00,1723939200,1724371200
194,2024-08-22 17:00:00,2024-08-27 17:00:00,1724371200,1724803200
195,2024-08-27 17:00:00,2024-09-01 17:00:00,1724803200,1725235200
196,2024-09-01 17:00:00,2024-09-06 17:00:00,1725235200,1725667200
197,2024-09-06 17:00:00,2024-09-11 17:00:00,1725667200,1726099200
198,2024-09-11 17:00:00,2024-09-16 17:00:00,1726099200,1726531200
199,2024-09-16 17:00:00,2024-09-21 17:00:00,1726531200,1726963200
200,2024-09-21 17:00:00,2024-09-26 17:00:00,1726963200,1727395200
201,2024-09-26 17:00:00,2024-10-01 17:00:00,1727395200,1727827200
202,2024-10-01 17:00:00,2024-10-06 17:00:00,1727827200,1728259200
203,2024-10-06 17:00:00,2024-10-11 17:00:00,1728259200,1728691200
204,2024-10-11 17:00:00,2024-10-16 17:00:00,1728691200,1729123200
205,2024-10-16 17:00:00,2024-10-21 17:00:00,1729123200,1729555200
206,2024-10-21 17:00:00,2024-10-26 17:00:00,1729555200,1729987200
207,2024-10-26 17:00:00,2024-10-31 17:00:00,1729987200,1730419200
208,2024-10-31 17:00:00,2024-11-05 16:00:00,1730419200,1730851200
209,2024-11-05 16:00:00,2024-11-10 16:00:00,1730851200,1731283200
210,2024-11-10 16:00:00,2024-11-15 16:00:00,1731283200,1731715200
211,2024-11-15 16:00:00,2024-11-20 16:00:00,1731715200,1732147200
212,2024-11-20 16:00:00,2024-11-25 16:00:00,1732147200,1732579200
213,2024-11-25 16:00:00,2024-11-30 16:00:00,1732579200,1733011200
214,2024-11-30 16:00:00,2024-12-05 16:00:00,1733011200,1733443200
215,2024-12-05 16:00:00,2024-12-10 16:00:00,1733443200,1733875200
216,2024-12-10 16:00:00,2024-12-15 16:00:00,1733875200,1734307200
217,2024-12-15 16:00:00,2024-12-20 16:00:00,1734307200,1734739200
218,2024-12-20 16:00:00,2024-12-25 16:00:00,1734739200,1735171200
219,2024-12-25 16:00:00,2024-12-30 16:00:00,1735171200,1735603200
220,2024-12-30 16:00:00,2025-01-04 16:00:00,1735603200,1736035200
221,2025-01-04 16:00:00,2025-01-09 16:00:00,1736035200,1736467200
222,2025-01-09 16:00:00,2025-01-14 16:00:00,1736467200,1736899200
223,2025-01-14 16:00:00,2025-01-19 16:00:00,1736899200,1737331200
224,2025-01-19 16:00:00,2025-01-24 16:00:00,1737331200,1737763200
225,2025-01-24 16:00:00,2025-01-29 16:00:00,1737763200,1738195200
226,2025-01-29 16:00:00,2025-02-03 16:00:00,1738195200,1738627200
227,2025-02-03 16:00:00,2025-02-08 16:00:00,1738627200,1739059200
228,2025-02-08 16:00:00,2025-02-13 16:00:00,1739059200,1739491200
229,2025-02-13 16:00:00,2025-02-18 16:00:00,1739491200,1739923200
230,2025-02-18 16:00:00,2025-02-23 16:00:00,1739923200,1740355200
231,2025-02-23 16:00:00,2025-02-28 16:00:00,1740355200,1740787200
232,2025-02-28 16:00:00,2025-03-05 16:00:00,1740787200,1741219200
233,2025-03-05 16:00:00,2025-03-10 17:00:00,1741219200,1741651200
234,2025-03-10 17:00:00,2025-03-15 17:00:00,1741651200,1742083200
235,2025-03-15 17:00:00,2025-03-20 17:00:00,1742083200,1742515200
236,2025-03-20 17:00:00,2025-03-25 17:00:00,1742515200,1742947200
237,2025-03-25 17:00:00,2025-03-30 17:00:00,1742947200,1743379200
238,2025-03-30 17:00:00,2025-04-04 17:00:00,1743379200,1743811200
239,2025-04-04 17:00:00,2025-04-09 17:00:00,1743811200,1744243200
240,2025-04-09 17:00:00,2025-04-14 17:00:00,1744243200,1744675200
241,2025-04-14 17:00:00,2025-04-19 17:00:00,1744675200,1745107200
242,2025-04-19 17:00:00,2025-04-24 17:00:00,1745107200,1745539200
243,2025-04-24 17:00:00,2025-04-29 17:00:00,1745539200,1745971200
244,2025-04-29 17:00:00,2025-05-04 17:00:00,1745971200,1746403200
245,2025-05-04 17:00:00,2025-05-09 17:00:00,1746403200,1746835200
246,2025-05-09 17:00:00,2025-05-14 17:00:00,1746835200,1747267200
247,2025-05-14 17:00:00,2025-05-19 17:00:00,1747267200,1747699200
248,2025-05-19 17:00:00,2025-05-24 17:00:00,1747699200,1748131200
249,2025-05-24 17:00:00,2025-05-29 17:00:00,1748131200,1748563200
250,2025-05-29 17:00:00,2025-06-03 17:00:00,1748563200,1748995200
251,2025-06-03 17:00:00,2025-06-08 17:00:00,1748995200,1749427200
252,2025-06-08 17:00:00,2025-06-13 17:00:00,1749427200,1749859200
253,2025-06-13 17:00:00,2025-06-18 17:00:00,1749859200,1750291200
254,2025-06-18 17:00:00,2025-06-23 17:00:00,1750291200,1750723200
255,2025-06-23 17:00:00,2025-06-28 17:00:00,1750723200,1751155200
256,2025-06-28 17:00:00,2025-07-03 17:00:00,1751155200,1751587200
257,2025-07-03 17:00:00,2025-07-08 17:00:00,1751587200,1752019200
258,2025-07-08 17:00:00,2025-07-13 17:00:00,1752019200,1752451200
259,2025-07-13 17:00:00,2025-07-18 17:00:00,1752451200,1752883200
260,2025-07-18 17:00:00,2025-07-19 22:56:59,1752883200,1752991019
